Response Times , Status Codes
"469","200"
"354","200"
"453","200"
"549","200"
"361","200"
"643","200"
"433","200"
"343","200"
"420","200"
"392","200"
"320","200"
"455","200"
"408","200"
"338","200"
"388","200"
"372","200"
"467","200"
"290","200"
"330","200"
"313","200"
"3343","200"
"401","200"
"364","200"
"322","200"
"289","200"
"677","200"
"386","200"
"355","200"
"384","200"
"349","200"
"292","200"
"289","200"
"333","200"
"299","200"
"296","200"
"300","200"
"392","200"
"559","200"
"380","200"
"452","200"
"288","200"
"358","200"
"365","200"
"377","200"
"351","200"
"426","200"
"394","200"
"268","200"
"355","200"
"305","200"
"871","200"
"373","200"
"343","200"
"379","200"
"270","200"
"302","200"
"284","200"
"407","200"
"292","200"
"323","200"
